DATE,Imports,Exports,Trade_Deficit,Imports_Pct_Change,Exports_Pct_Change,Period
2016-01-01,37126.43412,8208.886377,28917.547742999996,,,Pre-Trade War
2016-02-01,36066.892525,8080.515063,27986.377462000004,-2.8538738505705874,-1.5638091222662909,Pre-Trade War
2016-03-01,29812.326908,8925.561211,20886.765697,-17.341570562710974,10.457825292219258,Pre-Trade War
2016-04-01,32920.204539,8679.668476,24240.536063,10.42480729729962,-2.754927440270727,Pre-Trade War
2016-05-01,37513.726589,8541.963035,28971.763553999997,13.953503978257897,-1.5865288101817088,Pre-Trade War
2016-06-01,38539.190214,8845.557796,29693.632418,2.7335690645586164,3.55415681098179,Pre-Trade War
2016-07-01,39438.857738,9129.666281,30309.191457,2.3344224904683575,3.2118775497513186,Pre-Trade War
2016-08-01,43221.774205,9372.919258,33848.854947,9.591850991554196,2.6644235343655565,Pre-Trade War
2016-09-01,42020.928547,9521.151936,32499.776611,-2.7783349482703112,1.5814995725422554,Pre-Trade War
2016-10-01,43798.098424,12600.00471,31198.093714000002,4.229249420350745,32.336977654549216,Pre-Trade War
2016-11-01,42602.631733,12044.084823,30558.546910000005,-2.7294945077910526,-4.412060945967699,Pre-Trade War
2016-12-01,39358.926061,11644.805511,27714.12055,-7.613862195953091,-3.315148621649644,Pre-Trade War
2017-01-01,41335.553396,9955.522802,31380.030594000003,5.022056069153291,-14.506749017012421,Pre-Trade War
2017-02-01,32784.957412,9739.814915,23045.142497,-20.68581470794445,-2.1667158148305776,Pre-Trade War
2017-03-01,34161.993661,9720.184109,24441.809552,4.200207527175159,-0.2015521462298886,Pre-Trade War
2017-04-01,37441.870879,9806.476826,27635.394053000004,9.600953769113229,0.887768338874384,Pre-Trade War
2017-05-01,41756.844722,9880.023522,31876.821200000002,11.524461095826632,0.7499808270081676,Pre-Trade War
2017-06-01,42258.078621,9718.210931,32539.86769,1.2003634430163723,-1.6377753619684188,Pre-Trade War
2017-07-01,43561.110857,9954.063313,33607.047544,3.083510368955733,2.4269115341760905,Pre-Trade War
2017-08-01,45782.311949,10825.46077,34956.851179000005,5.099046025918952,8.75418841129887,Pre-Trade War
2017-09-01,45405.051275,10895.979304,34509.071971,-0.8240315046130986,0.6514136949756999,Pre-Trade War
2017-10-01,48133.149629,12963.222187,35169.927442,6.008358712067108,18.97252945626555,Pre-Trade War
2017-11-01,48104.793415,12908.394227,35196.399187999996,-0.058912026781055005,-0.42295009071882106,Pre-Trade War
2017-12-01,44439.382241,13629.874337,30809.507904,-7.619638114602223,5.589232071103822,Pre-Trade War
2018-01-01,45681.310362,9909.454284,35771.856078,2.7946565824539915,-27.296070095822188,Trade War
2018-02-01,38956.173961,9743.12115,29213.052811,-14.721855278902641,-1.6785297074185301,Trade War
2018-03-01,38273.829291,12653.006282,25620.823009,-1.7515700352994434,29.8660468981236,Trade War
2018-04-01,38227.767574,10509.567261,27718.200312999998,-0.1203478142983605,-16.940156143360397,Trade War
2018-05-01,43866.578304,10397.753833,33468.824471,14.750562451978366,-1.0639203805748343,Trade War
2018-06-01,44524.005052,10855.733395,33668.271657000005,1.498696213422357,4.404600929736202,Trade War
2018-07-01,47009.750007,10151.956607,36857.7934,5.582932065740431,-6.482996241637151,Trade War
2018-08-01,47796.194112,9278.141243,38518.052869,1.6729382838302387,-8.60735913112045,Trade War
2018-09-01,49938.049895,9733.102127,40204.947768,4.481226639052105,4.90357790514615,Trade War
2018-10-01,52081.070497,9188.675374,42892.395123,4.291358205828888,-5.593558414328548,Trade War
2018-11-01,46344.570969,8650.462613,37694.108356,-11.014557637271372,-5.857348737369817,Trade War
2018-12-01,45814.858502,9210.239622,36604.61888,-1.1429870984334345,6.471064427915807,Trade War
2019-01-01,41302.50818,7105.423454,34197.084726,-9.849098020903025,-22.853001163751905,Trade War
2019-02-01,33027.758098,8083.567641,24944.190456999997,-20.034497774173676,13.766163175670453,Trade War
2019-03-01,31078.662933,10574.292487,20504.370446,-5.901385008381865,30.812197740104263,Trade War
2019-04-01,34499.454932,7900.415334,26599.039598,11.00688278120141,-25.286582116839075,Trade War
2019-05-01,39023.881706,9070.662843,29953.218863000002,13.114487701089338,14.81248085735134,Trade War
2019-06-01,38732.97518,9168.472651,29564.502529,-0.7454576871456453,1.078309377086839,Trade War
2019-07-01,41237.166159,8700.82272,32536.343439,6.465268850023831,-5.100630702639375,Trade War
2019-08-01,40955.642945,9413.541123,31542.101821999997,-0.6826929205428933,8.191390928604058,Trade War
2019-09-01,39866.673154,8604.763411,31261.909742999997,-2.6589004901287905,-8.591641566465603,Trade War
2019-10-01,39794.889454,8854.883948,30940.005505999994,-0.18005941886023447,2.906768321837361,Trade War
2019-11-01,36172.914882,10103.196777,26069.718105,-9.101607321178108,14.097449908216442,Trade War
2019-12-01,33418.149084,8901.174927,24516.974156999997,-7.615548282427187,-11.897440746045952,Trade War
2020-01-01,32944.673286,7155.748571,25788.924714999997,-1.4168223285193626,-19.608943429541924,Trade War
2020-02-01,22576.609689,6826.002961,15750.606728,-31.47113801066577,-4.6081218020481485,Trade War
2020-03-01,19638.123468,7933.474457,11704.649011000001,-13.015622192519539,16.224304359776553,COVID/Post-COVID
2020-04-01,30730.147843,8635.882963,22094.26488,56.48209918363263,8.853731234745933,COVID/Post-COVID
2020-05-01,36318.738261,9699.662055,26619.076205999998,18.18601865032361,12.318127706891202,COVID/Post-COVID
2020-06-01,37286.885658,9240.649481,28046.236177,2.6656966716259056,-4.732253261992647,COVID/Post-COVID
2020-07-01,40469.812982,9090.054635,31379.758347000003,8.536318514756669,-1.6296997988035633,COVID/Post-COVID
2020-08-01,40598.942662,10969.391591,29629.551071,0.319076542452601,20.67464972942925,COVID/Post-COVID
2020-09-01,41003.217161,11503.269759,29499.947401999998,0.9957759303381941,4.866980666804066,COVID/Post-COVID
2020-10-01,44654.266193,14803.109027,29851.157166000005,8.904298942358801,28.686098275825024,COVID/Post-COVID
2020-11-01,44700.409933,14211.671534,30488.738399,0.10333556888060258,-3.995359974186874,COVID/Post-COVID
2020-12-01,41626.191515,14512.593341,27113.598174,-6.877383054445918,2.1174272588560417,COVID/Post-COVID
2021-01-01,38835.275419,13011.167051,25824.108367999997,-6.7047116116647265,-10.345678782015277,COVID/Post-COVID
2021-02-01,33816.75994,9265.080558,24551.679382000002,-12.922569557842522,-28.79131809096316,COVID/Post-COVID
2021-03-01,39934.039704,12812.047416,27121.992288,18.089491053707363,38.28317342516083,COVID/Post-COVID
2021-04-01,37371.138998,11931.362605,25439.776393,-6.417834822113644,-6.873880359669748,COVID/Post-COVID
2021-05-01,38486.525451,12407.374865,26079.150586000003,2.984619904305541,3.9895884129824477,COVID/Post-COVID
2021-06-01,39779.270246,12142.569897,27636.700349,3.358954282962978,-2.134254593588447,COVID/Post-COVID
2021-07-01,40290.914463,11757.2761,28533.638363000002,1.2862081527286184,-3.1730828009908563,COVID/Post-COVID
2021-08-01,42897.843401,11245.190915,31652.652486,6.470265003277587,-4.3554746919654335,COVID/Post-COVID
2021-09-01,47350.944635,11019.586584,36331.358051,10.380711198866921,-2.006229442481622,COVID/Post-COVID
2021-10-01,47873.453886,16651.543234,31221.910652000002,1.1034822114484033,51.10860200669756,COVID/Post-COVID
2021-11-01,48234.758989,15883.781026,32350.977963,0.7547086614230203,-4.610757076451288,COVID/Post-COVID
2021-12-01,49375.341266,13312.414737,36062.926529000004,2.364648027494276,-16.18862841782418,COVID/Post-COVID
2022-01-01,47667.077458,11401.740097,36265.337361,-3.459750888195523,-14.35257748310339,COVID/Post-COVID
2022-02-01,42297.863971,11612.714553,30685.149418,-11.263987165420152,1.8503706820637955,COVID/Post-COVID
2022-03-01,47285.271444,13618.766681,33666.504763,11.791156821581893,17.274618426591392,COVID/Post-COVID
2022-04-01,41727.289477,11342.108001,30385.181475999998,-11.75415049394889,-16.7170694184536,COVID/Post-COVID
2022-05-01,43769.593642,12301.190639,31468.403003,4.894408888278523,8.455946971369354,COVID/Post-COVID
2022-06-01,48488.064176,11578.887888,36909.176288,10.780247522043007,-5.871811698535867,COVID/Post-COVID
2022-07-01,46565.042288,12408.471722,34156.570565999995,-3.965969606499231,7.164624461557789,COVID/Post-COVID
2022-08-01,50383.134999,12846.573092,37536.561907,8.199482967041005,3.530663403320289,COVID/Post-COVID
2022-09-01,49270.250025,11815.121993,37455.128032,-2.2088442373069617,-8.028998018485723,COVID/Post-COVID
2022-10-01,44670.639494,15686.29615,28984.343344,-9.33547227518864,32.76457203991223,COVID/Post-COVID
2022-11-01,36915.67136,15797.646308,21118.025052,-17.360324861795682,0.7098562779588979,COVID/Post-COVID
2022-12-01,37228.7909,13577.856467,23650.934433000002,0.8482022091552244,-14.05139599736378,COVID/Post-COVID
2023-01-01,38166.089291,12979.947191,25186.142099999997,2.517670782050563,-4.403561618530693,COVID/Post-COVID
2023-02-01,30569.756691,11782.232721,18787.52397,-19.903355940089206,-9.22742174814445,COVID/Post-COVID
2023-03-01,30791.607258,13869.071047,16922.536211,0.7257191126591955,17.71173915348434,COVID/Post-COVID
2023-04-01,33071.357368,13066.099182,20005.258186,7.403803545875931,-5.789658602792214,COVID/Post-COVID
2023-05-01,35881.039803,10705.222272,25175.817531,8.495818311100422,-18.068720259313263,COVID/Post-COVID
2023-06-01,34312.779447,10078.216296,24234.563151000002,-4.370721597284588,-5.857010345688596,COVID/Post-COVID
2023-07-01,36108.078368,10799.206476,25308.871892000003,5.2321582510476805,7.1539462820038535,COVID/Post-COVID
2023-08-01,36828.481231,10783.004976,26045.476254999998,1.9951293327158615,-0.15002491188593758,COVID/Post-COVID
2023-09-01,40247.941237,11780.231378,28467.709859,9.28482492816376,9.248130778197282,COVID/Post-COVID
2023-10-01,41548.452853,15805.263057,25743.189796000002,3.2312500367209784,34.16767930820856,COVID/Post-COVID
2023-11-01,35537.3694,13936.273546,21601.095854000003,-14.467646904368348,-11.825108536692419,COVID/Post-COVID
2023-12-01,34183.629889,12050.696076,22132.933813000003,-3.8093407977462745,-13.529997554771022,COVID/Post-COVID
2024-01-01,35782.600942,12067.738457,23714.862484999998,4.677592924426466,0.14142237836318738,COVID/Post-COVID
2024-02-01,31863.625771,12062.242215,19801.383556,-10.952180858379368,-0.04554492144144273,COVID/Post-COVID
2024-03-01,29924.780142,12653.547761,17271.232381,-6.0848242536309165,4.9021196512260445,COVID/Post-COVID
2024-04-01,31602.676956,11552.402423,20050.274533,5.607048092042755,-8.702265631729656,COVID/Post-COVID
2024-05-01,34995.265867,11323.729543,23671.536324,10.735131443844015,-1.9794400474201668,COVID/Post-COVID
2024-06-01,34169.113741,11376.646729,22792.467012,-2.360753963521245,0.4673123443919902,COVID/Post-COVID
2024-07-01,40801.06899,10769.766693,30031.302297000002,19.409210608357764,-5.334436855220382,COVID/Post-COVID
2024-08-01,39811.237007,11966.922507,27844.314500000004,-2.4259952190041734,11.115893669062604,COVID/Post-COVID
2024-09-01,43018.169857,11187.053346,31831.116511,8.055345905067268,-6.5168731605291015,COVID/Post-COVID
2024-10-01,41444.88019,13368.418649,28076.461541000004,-3.657267782962148,19.499015831366883,COVID/Post-COVID
2024-11-01,37774.833328,12603.073509,25171.759819,-8.855247850096394,-5.725023730142153,COVID/Post-COVID
2024-12-01,37553.745287,12295.207536,25258.537750999996,-0.5852786670963894,-2.44278487132642,COVID/Post-COVID
2025-01-01,41639.17075,9901.335394,31737.835355999996,10.87887621268564,-19.469961242954327,COVID/Post-COVID
2025-02-01,31635.372246,10461.605346,21173.7669,-24.024970535706448,5.658529175160676,COVID/Post-COVID
2025-03-01,29383.677776,11458.167596,17925.51018,-7.117648094957074,9.525901781231273,COVID/Post-COVID
2025-04-01,25378.077558,8193.071746,17185.005812000003,-13.63205875226311,-28.495794136750373,COVID/Post-COVID
2025-05-01,20493.855247,6553.325526,13940.529720999999,-19.245832549125986,-20.01381497483593,COVID/Post-COVID
2025-06-01,18948.674201,9443.596095,9505.078106,-7.539728505822197,44.103876078381774,COVID/Post-COVID
2025-07-01,26411.38867,9298.437659,17112.951011,39.383834403602556,-1.5371097465387895,COVID/Post-COVID
2025-08-01,25132.621489,8271.88129,16860.740199,-4.841726411956959,-11.040095192834798,COVID/Post-COVID
2025-09-01,23414.653023,8380.18657,15034.466453,-6.835611902848726,1.309318596374598,COVID/Post-COVID
2025-10-01,23887.245543,8950.492697,14936.752846000001,2.0183622603152873,6.805410860918326,COVID/Post-COVID
2025-11-01,20950.70719,7008.414794,13942.292396,-12.29333180216977,-21.69799997324102,COVID/Post-COVID
2025-12-01,21104.278609,8387.883128,12716.395481000001,0.733013055870968,19.68302925193557,COVID/Post-COVID
2026-01-01,21057.908407,8329.116905,12728.791501999998,-0.2197194363242838,-0.7006085099568016,COVID/Post-COVID
